dataset_id,theme,priority,source_name,source_url,access_type,target_path,fetch_strategy,license_note,why_it_matters
nuts3_regions_gisco,administrative_regions,1,Eurostat GISCO NUTS 2024 level 3,https://gisco-services.ec.europa.eu/distribution/v2/nuts/geojson/NUTS_RG_01M_2024_4326_LEVL_3.geojson,public,data/raw/nuts3_regions_gisco_2024.geojson,direct_download,Eurostat/GISCO attribution required,Base geography for NUTS-3 regional scoring and joins
bnetza_charging_register,ev_charging,1,Bundesnetzagentur Ladesaeulenregister,https://www.bundesnetzagentur.de/DE/Fachthemen/ElektrizitaetundGas/E-Mobilitaet/Ladesaeulenkarte/start.html,public,data/raw/bnetza_ladesaeulenregister.csv,discover_bnetza_csv,Check BNetzA reuse terms and cite access date,Main source for public EV charging infrastructure in Germany
destatis_population,population,1,Destatis GENESIS API,https://www-genesis.destatis.de/genesisWS/rest/2020/catalogue/tables,auth_required,data/raw/destatis_population_regions.json,destatis_api,Requires GENESIS API token in .env,Population denominator for charger density and demand proxy
regionalstatistik_population,population,1,Regionalstatistik GENESIS API,https://www.regionalstatistik.de/genesisws/rest/2020/catalogue/tables,auth_required,data/raw/regionalstatistik_population_regions.json,regionalstatistik_api,Requires Regionalstatistik username and password in .env,Kreis level population and regional indicators
geofabrik_germany_osm,roads,2,Geofabrik Germany OSM extract,https://download.geofabrik.de/europe/germany-latest-free.shp.zip,public_large,data/raw/geofabrik_germany_latest_free_shp.zip,direct_download_large,OpenStreetMap ODbL attribution required,Road network and transport corridor accessibility
opsd_conventional_power_plants,grid_generation,2,Open Power System Data conventional power plants DE,https://data.open-power-system-data.org/conventional_power_plants/2020-10-01/conventional_power_plants_DE.csv,public,data/raw/opsd_conventional_power_plants_de.csv,direct_download,OPSD license and attribution required,Generation and grid infrastructure context
opsd_renewable_power_plants,renewables,2,Open Power System Data renewable power plants DE,https://data.open-power-system-data.org/renewable_power_plants/2020-08-25/renewable_power_plants_DE.csv,public_large,data/raw/opsd_renewable_power_plants_de.csv,direct_download_large,OPSD license and attribution required,Renewable integration potential and energy transition context
mastr_units,renewables,3,Marktstammdatenregister public data,https://www.marktstammdatenregister.de/MaStR,manual_or_api,data/raw/mastr_units,manual_later,Check BNetzA/MaStR terms and API availability,More current renewable and energy asset registry
openinframap_power,grid_infrastructure,3,OpenInfraMap power layer,https://openinframap.org,manual_or_overpass,data/raw/openinframap_power.geojson,manual_later,Derived from OpenStreetMap ODbL where applicable,Substations and power lines for grid accessibility
